"country","city","Customer","email","Start Date"
"Afghanistan","Kabul","VERA MCCOY","VERA.MCCOY@sakilacustomer.org","02/14/2006"
"Algeria","Skikda","JUNE CARROLL","JUNE.CARROLL@sakilacustomer.org","02/14/2006"
"Algeria","Béchar","JUDY GRAY","JUDY.GRAY@sakilacustomer.org","02/14/2006"
"Algeria","Batna","MARIO CHEATHAM","MARIO.CHEATHAM@sakilacustomer.org","02/14/2006"
"American Samoa","Tafuna","ANTHONY SCHWAB","ANTHONY.SCHWAB@sakilacustomer.org","02/14/2006"
"Angola","Benguela","CLAUDE HERZOG","CLAUDE.HERZOG@sakilacustomer.org","02/14/2006"
"Angola","Namibe","MARTIN BALES","MARTIN.BALES@sakilacustomer.org","02/14/2006"
"Anguilla","South Hill","BOBBY BOUDREAU","BOBBY.BOUDREAU@sakilacustomer.org","02/14/2006"
"Argentina","Escobar","MICHEAL FORMAN","MICHEAL.FORMAN@sakilacustomer.org","02/14/2006"
"Argentina","Córdoba","KIMBERLY LEE","KIMBERLY.LEE@sakilacustomer.org","02/14/2006"
"Argentina","Bahía Blanca","JASON MORRISSEY","JASON.MORRISSEY@sakilacustomer.org","02/14/2006"
"Argentina","Almirante Brown","WILLIE MARKHAM","WILLIE.MARKHAM@sakilacustomer.org","02/14/2006"
"Argentina","Ezeiza","DARRYL ASHCRAFT","DARRYL.ASHCRAFT@sakilacustomer.org","02/14/2006"
"Argentina","La Plata","JULIA FLORES","JULIA.FLORES@sakilacustomer.org","02/14/2006"
"Argentina","Vicente López","WILLIE HOWELL","WILLIE.HOWELL@sakilacustomer.org","02/14/2006"
"Argentina","Merlo","FLORENCE WOODS","FLORENCE.WOODS@sakilacustomer.org","02/14/2006"
"Argentina","Quilmes","PERRY SWAFFORD","PERRY.SWAFFORD@sakilacustomer.org","02/14/2006"
"Argentina","Avellaneda","JORDAN ARCHULETA","JORDAN.ARCHULETA@sakilacustomer.org","02/14/2006"
"Argentina","San Miguel de Tucumán","LYDIA BURKE","LYDIA.BURKE@sakilacustomer.org","02/14/2006"
"Argentina","Tandil","LEONARD SCHOFIELD","LEONARD.SCHOFIELD@sakilacustomer.org","02/14/2006"
"Argentina","Santa Fé","ERIC ROBERT","ERIC.ROBERT@sakilacustomer.org","02/14/2006"
"Armenia","Yerevan","STEPHANIE MITCHELL","STEPHANIE.MITCHELL@sakilacustomer.org","02/14/2006"
"Austria","Salzburg","NORA HERRERA","NORA.HERRERA@sakilacustomer.org","02/14/2006"
"Austria","Linz","JILL HAWKINS","JILL.HAWKINS@sakilacustomer.org","02/14/2006"
"Austria","Graz","AUDREY RAY","AUDREY.RAY@sakilacustomer.org","02/14/2006"
"Azerbaijan","Sumqayit","RAYMOND MCWHORTER","RAYMOND.MCWHORTER@sakilacustomer.org","02/14/2006"
"Azerbaijan","Baku","ANDREW PURDY","ANDREW.PURDY@sakilacustomer.org","02/14/2006"
"Bahrain","al-Manama","SETH HANNON","SETH.HANNON@sakilacustomer.org","02/14/2006"
"Bangladesh","Dhaka","STEPHEN QUALLS","STEPHEN.QUALLS@sakilacustomer.org","02/14/2006"
"Bangladesh","Jamalpur","FRANK WAGGONER","FRANK.WAGGONER@sakilacustomer.org","02/14/2006"
"Bangladesh","Tangail","MICHELLE CLARK","MICHELLE.CLARK@sakilacustomer.org","02/14/2006"
"Belarus","Mogiljov","CORY MEEHAN","CORY.MEEHAN@sakilacustomer.org","02/14/2006"
"Belarus","Molodetšno","CLARA SHAW","CLARA.SHAW@sakilacustomer.org","02/14/2006"
"Bolivia","Sucre","JOEL FRANCISCO","JOEL.FRANCISCO@sakilacustomer.org","02/14/2006"
"Bolivia","El Alto","JON WILES","JON.WILES@sakilacustomer.org","02/14/2006"
"Brazil","Santa Bárbara d´Oeste","MARION SNYDER","MARION.SNYDER@sakilacustomer.org","02/14/2006"
"Brazil","Vila Velha","DEBRA NELSON","DEBRA.NELSON@sakilacustomer.org","02/14/2006"
"Brazil","Goiânia","TINA SIMMONS","TINA.SIMMONS@sakilacustomer.org","02/14/2006"
"Brazil","São Bernardo do Campo","CODY NOLEN","CODY.NOLEN@sakilacustomer.org","02/14/2006"
"Brazil","Maringá","MARIAN MENDOZA","MARIAN.MENDOZA@sakilacustomer.org","02/14/2006"
"Brazil","Alvorada","CLAYTON BARBEE","CLAYTON.BARBEE@sakilacustomer.org","02/14/2006"
"Brazil","Bagé","ANTONIO MEEK","ANTONIO.MEEK@sakilacustomer.org","02/14/2006"
"Brazil","Poços de Caldas","MAXINE SILVA","MAXINE.SILVA@sakilacustomer.org","02/14/2006"
"Brazil","Juazeiro do Norte","FRANCES PARKER","FRANCES.PARKER@sakilacustomer.org","02/14/2006"
"Brazil","São Leopoldo","FRANCISCO SKIDMORE","FRANCISCO.SKIDMORE@sakilacustomer.org","02/14/2006"
"Brazil","Aparecida de Goiânia","NATALIE MEYER","NATALIE.MEYER@sakilacustomer.org","02/14/2006"
"Brazil","Ibirité","DANIEL CABRAL","DANIEL.CABRAL@sakilacustomer.org","02/14/2006"
"Brazil","Araçatuba","JANE BENNETT","JANE.BENNETT@sakilacustomer.org","02/14/2006"
"Brazil","Belém","NICHOLAS BARFIELD","NICHOLAS.BARFIELD@sakilacustomer.org","02/14/2006"
"Brazil","Rio Claro","DENISE KELLY","DENISE.KELLY@sakilacustomer.org","02/14/2006"
"Brazil","Angra dos Reis","JOSEPH JOY","JOSEPH.JOY@sakilacustomer.org","02/14/2006"
"Brazil","Juiz de Fora","KENT ARSENAULT","KENT.ARSENAULT@sakilacustomer.org","02/14/2006"
"Brazil","Luziânia","IDA ANDREWS","IDA.ANDREWS@sakilacustomer.org","02/14/2006"
"Brazil","Guarujá","JESUS MCCARTNEY","JESUS.MCCARTNEY@sakilacustomer.org","02/14/2006"
"Brazil","Brasília","TIMOTHY BUNN","TIMOTHY.BUNN@sakilacustomer.org","02/14/2006"
"Brazil","Sorocaba","GEORGE LINTON","GEORGE.LINTON@sakilacustomer.org","02/14/2006"
"Brazil","Boa Vista","HAROLD MARTINO","HAROLD.MARTINO@sakilacustomer.org","02/14/2006"
"Brazil","Águas Lindas de Goiás","CHARLOTTE HUNTER","CHARLOTTE.HUNTER@sakilacustomer.org","02/14/2006"
"Brazil","Blumenau","TERRI VASQUEZ","TERRI.VASQUEZ@sakilacustomer.org","02/14/2006"
"Brazil","Poá","ELLEN SIMPSON","ELLEN.SIMPSON@sakilacustomer.org","02/14/2006"
"Brazil","Anápolis","TAMARA NGUYEN","TAMARA.NGUYEN@sakilacustomer.org","02/14/2006"
"Brazil","Santo André","JUSTIN NGO","JUSTIN.NGO@sakilacustomer.org","02/14/2006"
"Brazil","Vitória de Santo Antão","JEREMY HURTADO","JEREMY.HURTADO@sakilacustomer.org","02/14/2006"
"Brunei","Bandar Seri Begawan","LOIS BUTLER","LOIS.BUTLER@sakilacustomer.org","02/14/2006"
"Bulgaria","Ruse","TYRONE ASHER","TYRONE.ASHER@sakilacustomer.org","02/14/2006"
"Bulgaria","Stara Zagora","JESSIE BANKS","JESSIE.BANKS@sakilacustomer.org","02/14/2006"
"Cambodia","Phnom Penh","ALLISON STANLEY","ALLISON.STANLEY@sakilacustomer.org","02/14/2006"
"Cambodia","Battambang","ELMER NOE","ELMER.NOE@sakilacustomer.org","02/14/2006"
"Cameroon","Yaoundé","LAWRENCE LAWTON","LAWRENCE.LAWTON@sakilacustomer.org","02/14/2006"
"Cameroon","Bamenda","ALBERT CROUSE","ALBERT.CROUSE@sakilacustomer.org","02/14/2006"
"Canada","Halifax","DARRELL POWER","DARRELL.POWER@sakilacustomer.org","02/14/2006"
"Canada","Richmond Hill","CURTIS IRBY","CURTIS.IRBY@sakilacustomer.org","02/14/2006"
"Canada","Gatineau","DERRICK BOURQUE","DERRICK.BOURQUE@sakilacustomer.org","02/14/2006"
"Canada","Oshawa","LORETTA CARPENTER","LORETTA.CARPENTER@sakilacustomer.org","02/14/2006"
"Canada","Vancouver","TROY QUIGLEY","TROY.QUIGLEY@sakilacustomer.org","02/14/2006"
"Chad","NDjamna","JAVIER ELROD","JAVIER.ELROD@sakilacustomer.org","02/14/2006"
"Chile","Coquimbo","ANDRE RAPP","ANDRE.RAPP@sakilacustomer.org","02/14/2006"
"Chile","Antofagasta","JANET PHILLIPS","JANET.PHILLIPS@sakilacustomer.org","02/14/2006"
"Chile","Rancagua","JEROME KENYON","JEROME.KENYON@sakilacustomer.org","02/14/2006"
"China","Yinchuan","ROBERTO VU","ROBERTO.VU@sakilacustomer.org","02/14/2006"
"China","Weifang","MARION OCAMPO","MARION.OCAMPO@sakilacustomer.org","02/14/2006"
"China","Zaoyang","FRANKLIN TROUTMAN","FRANKLIN.TROUTMAN@sakilacustomer.org","02/14/2006"
"China","Suihua","CHESTER BENNER","CHESTER.BENNER@sakilacustomer.org","02/14/2006"
"China","Rizhao","TYLER WREN","TYLER.WREN@sakilacustomer.org","02/14/2006"
"China","Baiyin","CHARLIE BESS","CHARLIE.BESS@sakilacustomer.org","02/14/2006"
"China","Leshan","DAVE GARDINER","DAVE.GARDINER@sakilacustomer.org","02/14/2006"
"China","Xintai","BOB PFEIFFER","BOB.PFEIFFER@sakilacustomer.org","02/14/2006"
"China","Yuncheng","MICHELE GRANT","MICHELE.GRANT@sakilacustomer.org","02/14/2006"
"China","Yuzhou","GARY COY","GARY.COY@sakilacustomer.org","02/14/2006"
"China","Shaoguan","CLYDE TOBIAS","CLYDE.TOBIAS@sakilacustomer.org","02/14/2006"
"China","Emeishan","ALAN KAHN","ALAN.KAHN@sakilacustomer.org","02/14/2006"
"China","Haining","HUGH WALDROP","HUGH.WALDROP@sakilacustomer.org","02/14/2006"
"China","Meixian","RUBY WASHINGTON","RUBY.WASHINGTON@sakilacustomer.org","02/14/2006"
"China","Changzhou","SUE PETERS","SUE.PETERS@sakilacustomer.org","02/14/2006"
"China","Dongying","LEO EBERT","LEO.EBERT@sakilacustomer.org","02/14/2006"
"China","Zhoushan","GUY BROWNLEE","GUY.BROWNLEE@sakilacustomer.org","02/14/2006"
"China","Sanya","KELLY KNOTT","KELLY.KNOTT@sakilacustomer.org","02/14/2006"
"China","Fuyu","STACEY MONTGOMERY","STACEY.MONTGOMERY@sakilacustomer.org","02/14/2006"
"China","Zalantun","PHYLLIS FOSTER","PHYLLIS.FOSTER@sakilacustomer.org","02/14/2006"
"China","Qinhuangdao","GLENDA FRAZIER","GLENDA.FRAZIER@sakilacustomer.org","02/14/2006"
"China","Tieli","AUSTIN CINTRON","AUSTIN.CINTRON@sakilacustomer.org","02/14/2006"
"China","Tianjin","DORA MEDINA","DORA.MEDINA@sakilacustomer.org","02/14/2006"
"China","Baicheng","TED BREAUX","TED.BREAUX@sakilacustomer.org","02/14/2006"
"China","Laiwu","MEGAN PALMER","MEGAN.PALMER@sakilacustomer.org","02/14/2006"
"China","Hami","LORRAINE STEPHENS","LORRAINE.STEPHENS@sakilacustomer.org","02/14/2006"
"China","Huai´an","ERNEST STEPP","ERNEST.STEPP@sakilacustomer.org","02/14/2006"
"China","Binzhou","JESSIE MILAM","JESSIE.MILAM@sakilacustomer.org","02/14/2006"
"China","Ezhou","DONALD MAHON","DONALD.MAHON@sakilacustomer.org","02/14/2006"
"China","Fuzhou","LEONA OBRIEN","LEONA.OBRIEN@sakilacustomer.org","02/14/2006"
"China","Shenzhen","EUGENE CULPEPPER","EUGENE.CULPEPPER@sakilacustomer.org","02/14/2006"
"China","Jinchang","REGINA BERRY","REGINA.BERRY@sakilacustomer.org","02/14/2006"
"China","Laohekou","MELVIN ELLINGTON","MELVIN.ELLINGTON@sakilacustomer.org","02/14/2006"
"China","Nanyang","PAMELA BAKER","PAMELA.BAKER@sakilacustomer.org","02/14/2006"
"China","Datong","CHRISTY VARGAS","CHRISTY.VARGAS@sakilacustomer.org","02/14/2006"
"China","Enshi","TIFFANY JORDAN","TIFFANY.JORDAN@sakilacustomer.org","02/14/2006"
"China","Yantai","KAY CALDWELL","KAY.CALDWELL@sakilacustomer.org","02/14/2006"
"China","Korla","FELICIA SUTTON","FELICIA.SUTTON@sakilacustomer.org","02/14/2006"
"China","Yingkou","ROLAND SOUTH","ROLAND.SOUTH@sakilacustomer.org","02/14/2006"
"China","Lengshuijiang","MARGIE WADE","MARGIE.WADE@sakilacustomer.org","02/14/2006"
"China","Shanwei","KYLE SPURLOCK","KYLE.SPURLOCK@sakilacustomer.org","02/14/2006"
"China","Xi´angtan","KELLY TORRES","KELLY.TORRES@sakilacustomer.org","02/14/2006"
"China","Hohhot","HAZEL WARREN","HAZEL.WARREN@sakilacustomer.org","02/14/2006"
"China","Tiefa","MICHAEL SILVERMAN","MICHAEL.SILVERMAN@sakilacustomer.org","02/14/2006"
"China","Liaocheng","CARRIE PORTER","CARRIE.PORTER@sakilacustomer.org","02/14/2006"
"China","Junan","RICKY SHELBY","RICKY.SHELBY@sakilacustomer.org","02/14/2006"
"China","Xinxiang","WALTER PERRYMAN","WALTER.PERRYMAN@sakilacustomer.org","02/14/2006"
"China","Jinzhou","TERRENCE GUNDERSON","TERRENCE.GUNDERSON@sakilacustomer.org","02/14/2006"
"China","Jining","EDUARDO HIATT","EDUARDO.HIATT@sakilacustomer.org","02/14/2006"
"China","Tongliao","LEROY BUSTAMANTE","LEROY.BUSTAMANTE@sakilacustomer.org","02/14/2006"
"Colombia","Pereira","STACY CUNNINGHAM","STACY.CUNNINGHAM@sakilacustomer.org","02/14/2006"
"Colombia","Buenaventura","JACKIE LYNCH","JACKIE.LYNCH@sakilacustomer.org","02/14/2006"
"Colombia","Sincelejo","WANDA PATTERSON","WANDA.PATTERSON@sakilacustomer.org","02/14/2006"
"Colombia","Sogamoso","SAM MCDUFFIE","SAM.MCDUFFIE@sakilacustomer.org","02/14/2006"
"Colombia","Dos Quebradas","SYLVIA ORTIZ","SYLVIA.ORTIZ@sakilacustomer.org","02/14/2006"
"Colombia","Florencia","LEON BOSTIC","LEON.BOSTIC@sakilacustomer.org","02/14/2006"
"Congo, The Democratic Republic of the","Mwene-Ditu","AARON SELBY","AARON.SELBY@sakilacustomer.org","02/14/2006"
"Congo, The Democratic Republic of the","Lubumbashi","JESSE SCHILLING","JESSE.SCHILLING@sakilacustomer.org","02/14/2006"
"Czech Republic","Olomouc","JENNIE TERRY","JENNIE.TERRY@sakilacustomer.org","02/14/2006"
"Dominican Republic","San Felipe de Puerto Plata","JEFF EAST","JEFF.EAST@sakilacustomer.org","02/14/2006"
"Dominican Republic","Santiago de los Caballeros","MYRTLE FLEMING","MYRTLE.FLEMING@sakilacustomer.org","02/14/2006"
"Dominican Republic","La Romana","RANDALL NEUMANN","RANDALL.NEUMANN@sakilacustomer.org","02/14/2006"
"Ecuador","Ríobamba","RAMON CHOATE","RAMON.CHOATE@sakilacustomer.org","02/14/2006"
"Ecuador","Loja","TRACY HERRMANN","TRACY.HERRMANN@sakilacustomer.org","02/14/2006"
"Ecuador","Portoviejo","PATSY DAVIDSON","PATSY.DAVIDSON@sakilacustomer.org","02/14/2006"
"Egypt","Mit Ghamr","RICK MATTOX","RICK.MATTOX@sakilacustomer.org","02/14/2006"
"Egypt","Bilbays","EVERETT BANDA","EVERETT.BANDA@sakilacustomer.org","02/14/2006"
"Egypt","Idfu","LILLIE KIM","LILLIE.KIM@sakilacustomer.org","02/14/2006"
"Egypt","Qalyub","EMMA BOYD","EMMA.BOYD@sakilacustomer.org","02/14/2006"
"Egypt","Shubra al-Khayma","SHERRY MARSHALL","SHERRY.MARSHALL@sakilacustomer.org","02/14/2006"
"Egypt","Sawhaj","ALFRED CASILLAS","ALFRED.CASILLAS@sakilacustomer.org","02/14/2006"
"Estonia","Tartu","MARCUS HIDALGO","MARCUS.HIDALGO@sakilacustomer.org","02/14/2006"
"Ethiopia","Addis Abeba","SEAN DOUGLASS","SEAN.DOUGLASS@sakilacustomer.org","02/14/2006"
"Faroe Islands","Tórshavn","EDWARD BAUGH","EDWARD.BAUGH@sakilacustomer.org","02/14/2006"
"Finland","Oulu","ERIKA PENA","ERIKA.PENA@sakilacustomer.org","02/14/2006"
"France","Brest","LUIS YANEZ","LUIS.YANEZ@sakilacustomer.org","02/14/2006"
"France","Toulon","RITA GRAHAM","RITA.GRAHAM@sakilacustomer.org","02/14/2006"
"France","Le Mans","LAUREN HUDSON","LAUREN.HUDSON@sakilacustomer.org","02/14/2006"
"France","Toulouse","VIRGINIA GREEN","VIRGINIA.GREEN@sakilacustomer.org","02/14/2006"
"French Guiana","Cayenne","ROSE HOWARD","ROSE.HOWARD@sakilacustomer.org","02/14/2006"
"French Polynesia","Papeete","GLORIA COOK","GLORIA.COOK@sakilacustomer.org","02/14/2006"
"French Polynesia","Faaa","CHRISTINE ROBERTS","CHRISTINE.ROBERTS@sakilacustomer.org","02/14/2006"
"Gambia","Banjul","SALVADOR TEEL","SALVADOR.TEEL@sakilacustomer.org","02/14/2006"
"Germany","Saarbrücken","COLLEEN BURTON","COLLEEN.BURTON@sakilacustomer.org","02/14/2006"
"Germany","Siegen","VANESSA SIMS","VANESSA.SIMS@sakilacustomer.org","02/14/2006"
"Germany","Witten","VICKI FIELDS","VICKI.FIELDS@sakilacustomer.org","02/14/2006"
"Germany","Halle/Saale","VICKIE BREWER","VICKIE.BREWER@sakilacustomer.org","02/14/2006"
"Germany","Erlangen","MIGUEL BETANCOURT","MIGUEL.BETANCOURT@sakilacustomer.org","02/14/2006"
"Germany","Duisburg","GRACE ELLIS","GRACE.ELLIS@sakilacustomer.org","02/14/2006"
"Germany","Mannheim","ALMA AUSTIN","ALMA.AUSTIN@sakilacustomer.org","02/14/2006"
"Greece","Athenai","LINDA WILLIAMS","LINDA.WILLIAMS@sakilacustomer.org","02/14/2006"
"Greece","Patras","ENRIQUE FORSYTHE","ENRIQUE.FORSYTHE@sakilacustomer.org","02/14/2006"
"Greenland","Nuuk","GERTRUDE CASTILLO","GERTRUDE.CASTILLO@sakilacustomer.org","02/14/2006"
"Holy See (Vatican City State)","Città del Vaticano","JESSICA HALL","JESSICA.HALL@sakilacustomer.org","02/14/2006"
"Hong Kong","Kowloon and New Kowloon","VIOLET RODRIQUEZ","VIOLET.RODRIQUEZ@sakilacustomer.org","02/14/2006"
"India","Rae Bareli","LORI WOOD","LORI.WOOD@sakilacustomer.org","02/14/2006"
"India","Balurghat","LUCY WHEELER","LUCY.WHEELER@sakilacustomer.org","02/14/2006"
"India","Bhilwara","TONYA CHAPMAN","TONYA.CHAPMAN@sakilacustomer.org","02/14/2006"
"India","Sambhal","AGNES BISHOP","AGNES.BISHOP@sakilacustomer.org","02/14/2006"
"India","Ambattur","ARLENE HARVEY","ARLENE.HARVEY@sakilacustomer.org","02/14/2006"
"India","Uttarpara-Kotrung","GEORGIA JACOBS","GEORGIA.JACOBS@sakilacustomer.org","02/14/2006"
"India","Shimoga","NELLIE GARRETT","NELLIE.GARRETT@sakilacustomer.org","02/14/2006"
"India","Halisahar","LENA JENSEN","LENA.JENSEN@sakilacustomer.org","02/14/2006"
"India","Palghat (Palakkad)","NINA SOTO","NINA.SOTO@sakilacustomer.org","02/14/2006"
"India","Karnal","NAOMI JENNINGS","NAOMI.JENNINGS@sakilacustomer.org","02/14/2006"
"India","Yamuna Nagar","NANCY THOMAS","NANCY.THOMAS@sakilacustomer.org","02/14/2006"
"India","Tambaram","BECKY MILES","BECKY.MILES@sakilacustomer.org","02/14/2006"
"India","Pathankot","PAULA BRYANT","PAULA.BRYANT@sakilacustomer.org","02/14/2006"
"India","Bhopal","HELEN HARRIS","HELEN.HARRIS@sakilacustomer.org","02/14/2006"
"India","Patiala","RAMONA HALE","RAMONA.HALE@sakilacustomer.org","02/14/2006"
"India","Ahmadnagar","SHERRI RHODES","SHERRI.RHODES@sakilacustomer.org","02/14/2006"
"India","Jodhpur","PEARL GARZA","PEARL.GARZA@sakilacustomer.org","02/14/2006"
"India","Parbhani","JOHN FARNSWORTH","JOHN.FARNSWORTH@sakilacustomer.org","02/14/2006"
"India","Miraj","STEVEN CURLEY","STEVEN.CURLEY@sakilacustomer.org","02/14/2006"
"India","Rampur","JOSHUA MARK","JOSHUA.MARK@sakilacustomer.org","02/14/2006"
"India","Satna","GERALD FULTZ","GERALD.FULTZ@sakilacustomer.org","02/14/2006"
"India","Ranchi","SAMUEL MARLOW","SAMUEL.MARLOW@sakilacustomer.org","02/14/2006"
"India","Munger (Monghyr)","CYNTHIA YOUNG","CYNTHIA.YOUNG@sakilacustomer.org","02/14/2006"
"India","Adoni","ADAM GOOCH","ADAM.GOOCH@sakilacustomer.org","02/14/2006"
"India","Gulbarga","WAYNE TRUONG","WAYNE.TRUONG@sakilacustomer.org","02/14/2006"
"India","Kamarhati","BRENDA WRIGHT","BRENDA.WRIGHT@sakilacustomer.org","02/14/2006"
"India","Jhansi","AMY LOPEZ","AMY.LOPEZ@sakilacustomer.org","02/14/2006"
"India","Bhavnagar","CARLOS COUGHLIN","CARLOS.COUGHLIN@sakilacustomer.org","02/14/2006"
"India","Valparai","MIKE WAY","MIKE.WAY@sakilacustomer.org","02/14/2006"
"India","Hoshiarpur","ALLEN BUTTERFIELD","ALLEN.BUTTERFIELD@sakilacustomer.org","02/14/2006"
"India","Berhampore (Baharampur)","MARVIN YEE","MARVIN.YEE@sakilacustomer.org","02/14/2006"
"India","Katihar","CHAD CARBONE","CHAD.CARBONE@sakilacustomer.org","02/14/2006"
"India","Pudukkottai","LEE HAWKS","LEE.HAWKS@sakilacustomer.org","02/14/2006"
"India","Purnea (Purnia)","BRADLEY MOTLEY","BRADLEY.MOTLEY@sakilacustomer.org","02/14/2006"
"India","Gandhinagar","EDITH MCDONALD","EDITH.MCDONALD@sakilacustomer.org","02/14/2006"
"India","Dhule (Dhulia)","BERNARD COLBY","BERNARD.COLBY@sakilacustomer.org","02/14/2006"
"India","Etawah","JOSEPHINE GOMEZ","JOSEPHINE.GOMEZ@sakilacustomer.org","02/14/2006"
"India","Bijapur","TIM CARY","TIM.CARY@sakilacustomer.org","02/14/2006"
"India","Varanasi (Benares)","SHANNON FREEMAN","SHANNON.FREEMAN@sakilacustomer.org","02/14/2006"
"India","Kanchrapara","LESTER KRAUS","LESTER.KRAUS@sakilacustomer.org","02/14/2006"
"India","Siliguri (Shiliguri)","BRETT CORNWELL","BRETT.CORNWELL@sakilacustomer.org","02/14/2006"
"India","Vijayawada","MILTON HOWLAND","MILTON.HOWLAND@sakilacustomer.org","02/14/2006"
"India","Chapra","RAUL FORTIER","RAUL.FORTIER@sakilacustomer.org","02/14/2006"
"India","Bhimavaram","ERIK GUILLEN","ERIK.GUILLEN@sakilacustomer.org","02/14/2006"
"India","Rajkot","DWAYNE OLVERA","DWAYNE.OLVERA@sakilacustomer.org","02/14/2006"
"India","Mysore","CHERYL MURPHY","CHERYL.MURPHY@sakilacustomer.org","02/14/2006"
"India","Jaipur","MILDRED BAILEY","MILDRED.BAILEY@sakilacustomer.org","02/14/2006"
"India","Pune","JUANITA MASON","JUANITA.MASON@sakilacustomer.org","02/14/2006"
"India","Hubli-Dharwad","ANITA MORALES","ANITA.MORALES@sakilacustomer.org","02/14/2006"
"India","Nagaon","ALICIA MILLS","ALICIA.MILLS@sakilacustomer.org","02/14/2006"
"India","Chandrapur","SALLY PIERCE","SALLY.PIERCE@sakilacustomer.org","02/14/2006"
"India","Shivapuri","NICOLE PETERSON","NICOLE.PETERSON@sakilacustomer.org","02/14/2006"
"India","Udaipur","BEATRICE ARNOLD","BEATRICE.ARNOLD@sakilacustomer.org","02/14/2006"
"India","Allappuzha (Alleppey)","ANNETTE OLSON","ANNETTE.OLSON@sakilacustomer.org","02/14/2006"
"India","Haldia","HOLLY FOX","HOLLY.FOX@sakilacustomer.org","02/14/2006"
"India","Firozabad","LAURIE LAWRENCE","LAURIE.LAWRENCE@sakilacustomer.org","02/14/2006"
"India","Bhusawal","CARLA GUTIERREZ","CARLA.GUTIERREZ@sakilacustomer.org","02/14/2006"
"Indonesia","Madiun","REGINALD KINDER","REGINALD.KINDER@sakilacustomer.org","02/14/2006"
"Indonesia","Gorontalo","TARA RYAN","TARA.RYAN@sakilacustomer.org","02/14/2006"
"Indonesia","Purwakarta","JARED ELY","JARED.ELY@sakilacustomer.org","02/14/2006"
"Indonesia","Cianjur","NORMAN CURRIER","NORMAN.CURRIER@sakilacustomer.org","02/14/2006"
"Indonesia","Pontianak","LESLIE SEWARD","LESLIE.SEWARD@sakilacustomer.org","02/14/2006"
"Indonesia","Surakarta","JAY ROBB","JAY.ROBB@sakilacustomer.org","02/14/2006"
"Indonesia","Ciomas","MINNIE ROMERO","MINNIE.ROMERO@sakilacustomer.org","02/14/2006"
"Indonesia","Jakarta","SUZANNE NICHOLS","SUZANNE.NICHOLS@sakilacustomer.org","02/14/2006"
"Indonesia","Pangkal Pinang","LONNIE TIRADO","LONNIE.TIRADO@sakilacustomer.org","02/14/2006"
"Indonesia","Tegal","LLOYD DOWD","LLOYD.DOWD@sakilacustomer.org","02/14/2006"
"Indonesia","Ciparay","JEFFREY SPEAR","JEFFREY.SPEAR@sakilacustomer.org","02/14/2006"
"Indonesia","Lhokseumawe","JORGE OLIVARES","JORGE.OLIVARES@sakilacustomer.org","02/14/2006"
"Indonesia","Probolinggo","STEVE MACKENZIE","STEVE.MACKENZIE@sakilacustomer.org","02/14/2006"
"Indonesia","Pemalang","VICTORIA GIBSON","VICTORIA.GIBSON@sakilacustomer.org","02/14/2006"
"Iran","Esfahan","DOROTHY TAYLOR","DOROTHY.TAYLOR@sakilacustomer.org","02/14/2006"
"Iran","Qomsheh","TOMMY COLLAZO","TOMMY.COLLAZO@sakilacustomer.org","02/14/2006"
"Iran","Arak","KATHLEEN ADAMS","KATHLEEN.ADAMS@sakilacustomer.org","02/14/2006"
"Iran","Tabriz","DIANNE SHELTON","DIANNE.SHELTON@sakilacustomer.org","02/14/2006"
"Iran","Kermanshah","HOWARD FORTNER","HOWARD.FORTNER@sakilacustomer.org","02/14/2006"
"Iran","Sirjan","OSCAR AQUINO","OSCAR.AQUINO@sakilacustomer.org","02/14/2006"
"Iran","Shahr-e Kord","ROBERTA HARPER","ROBERTA.HARPER@sakilacustomer.org","02/14/2006"
"Iraq","Mosul","DARYL LARUE","DARYL.LARUE@sakilacustomer.org","02/14/2006"
"Israel","Tel Aviv-Jaffa","GERALDINE PERKINS","GERALDINE.PERKINS@sakilacustomer.org","02/14/2006"
"Israel","Ashqelon","LEWIS LYMAN","LEWIS.LYMAN@sakilacustomer.org","02/14/2006"
"Israel","Ashdod","CRYSTAL FORD","CRYSTAL.FORD@sakilacustomer.org","02/14/2006"
"Italy","Udine","ADRIAN CLARY","ADRIAN.CLARY@sakilacustomer.org","02/14/2006"
"Italy","Alessandria","ANNA HILL","ANNA.HILL@sakilacustomer.org","02/14/2006"
"Italy","Livorno","DARREN WINDHAM","DARREN.WINDHAM@sakilacustomer.org","02/14/2006"
"Italy","Brescia","CHRISTOPHER GRECO","CHRISTOPHER.GRECO@sakilacustomer.org","02/14/2006"
"Italy","Brindisi","MARC OUTLAW","MARC.OUTLAW@sakilacustomer.org","02/14/2006"
"Italy","Syrakusa","BESSIE MORRISON","BESSIE.MORRISON@sakilacustomer.org","02/14/2006"
"Italy","Bergamo","ALEXANDER FENNELL","ALEXANDER.FENNELL@sakilacustomer.org","02/14/2006"
"Japan","Tsuyama","FREDERICK ISBELL","FREDERICK.ISBELL@sakilacustomer.org","02/14/2006"
"Japan","Izumisano","CLARENCE GAMEZ","CLARENCE.GAMEZ@sakilacustomer.org","02/14/2006"
"Japan","Sasebo","MARY SMITH","MARY.SMITH@sakilacustomer.org","02/14/2006"
"Japan","Nagareyama","HEATHER MORRIS","HEATHER.MORRIS@sakilacustomer.org","02/14/2006"
"Japan","Iwakuni","TERESA ROGERS","TERESA.ROGERS@sakilacustomer.org","02/14/2006"
"Japan","Onomichi","JERRY JORDON","JERRY.JORDON@sakilacustomer.org","02/14/2006"
"Japan","Iwaki","MARLENE WELCH","MARLENE.WELCH@sakilacustomer.org","02/14/2006"
"Japan","Ueda","ANGEL BARCLAY","ANGEL.BARCLAY@sakilacustomer.org","02/14/2006"
"Japan","Tama","PHILLIP HOLM","PHILLIP.HOLM@sakilacustomer.org","02/14/2006"
"Japan","Miyakonojo","TERRY CARLSON","TERRY.CARLSON@sakilacustomer.org","02/14/2006"
"Japan","Fukuyama","DEBBIE REYES","DEBBIE.REYES@sakilacustomer.org","02/14/2006"
"Japan","Urawa","JOANNE ROBERTSON","JOANNE.ROBERTSON@sakilacustomer.org","02/14/2006"
"Japan","Akishima","JULIAN VEST","JULIAN.VEST@sakilacustomer.org","02/14/2006"
"Japan","Kamakura","RACHEL BARNES","RACHEL.BARNES@sakilacustomer.org","02/14/2006"
"Japan","Matsue","TERRY GRISSOM","TERRY.GRISSOM@sakilacustomer.org","02/14/2006"
"Japan","Otsu","MIRIAM MCKINNEY","MIRIAM.MCKINNEY@sakilacustomer.org","02/14/2006"
"Japan","Sagamihara","LISA ANDERSON","LISA.ANDERSON@sakilacustomer.org","02/14/2006"
"Japan","Omiya","STANLEY SCROGGINS","STANLEY.SCROGGINS@sakilacustomer.org","02/14/2006"
"Japan","Kanazawa","KURT EMMONS","KURT.EMMONS@sakilacustomer.org","02/14/2006"
"Japan","Hiroshima","JAMES GANNON","JAMES.GANNON@sakilacustomer.org","02/14/2006"
"Japan","Koriyama","TONY CARRANZA","TONY.CARRANZA@sakilacustomer.org","02/14/2006"
"Japan","Shimonoseki","ANGELA HERNANDEZ","ANGELA.HERNANDEZ@sakilacustomer.org","02/14/2006"
"Japan","Isesaki","RON DELUCA","RON.DELUCA@sakilacustomer.org","02/14/2006"
"Japan","Higashiosaka","GWENDOLYN MAY","GWENDOLYN.MAY@sakilacustomer.org","02/14/2006"
"Japan","Kurashiki","REBECCA SCOTT","REBECCA.SCOTT@sakilacustomer.org","02/14/2006"
"Japan","Okayama","RICARDO MEADOR","RICARDO.MEADOR@sakilacustomer.org","02/14/2006"
"Japan","Kakamigahara","CATHY SPENCER","CATHY.SPENCER@sakilacustomer.org","02/14/2006"
"Japan","Kuwana","JAMIE WAUGH","JAMIE.WAUGH@sakilacustomer.org","02/14/2006"
"Japan","Okinawa","BRUCE SCHWARZ","BRUCE.SCHWARZ@sakilacustomer.org","02/14/2006"
"Japan","Iwatsuki","EARL SHANKS","EARL.SHANKS@sakilacustomer.org","02/14/2006"
"Japan","Hino","KRISTEN CHAVEZ","KRISTEN.CHAVEZ@sakilacustomer.org","02/14/2006"
"Kazakstan","Pavlodar","IRENE PRICE","IRENE.PRICE@sakilacustomer.org","02/14/2006"
"Kazakstan","Zhezqazghan","BYRON BOX","BYRON.BOX@sakilacustomer.org","02/14/2006"
"Kenya","Nyeri","ROY WHITING","ROY.WHITING@sakilacustomer.org","02/14/2006"
"Kenya","Kisumu","KATIE ELLIOTT","KATIE.ELLIOTT@sakilacustomer.org","02/14/2006"
"Kuwait","Jalib al-Shuyukh","CLAUDIA FULLER","CLAUDIA.FULLER@sakilacustomer.org","02/14/2006"
"Latvia","Liepaja","SARAH LEWIS","SARAH.LEWIS@sakilacustomer.org","02/14/2006"
"Latvia","Daugavpils","RYAN SALISBURY","RYAN.SALISBURY@sakilacustomer.org","02/14/2006"
"Liechtenstein","Vaduz","EVELYN MORGAN","EVELYN.MORGAN@sakilacustomer.org","02/14/2006"
"Lithuania","Vilnius","FELIX GAFFNEY","FELIX.GAFFNEY@sakilacustomer.org","02/14/2006"
"Madagascar","Mahajanga","ANDREA HENDERSON","ANDREA.HENDERSON@sakilacustomer.org","02/14/2006"
"Malawi","Lilongwe","LYNN PAYNE","LYNN.PAYNE@sakilacustomer.org","02/14/2006"
"Malaysia","Sungai Petani","CHARLES KOWALSKI","CHARLES.KOWALSKI@sakilacustomer.org","02/14/2006"
"Malaysia","Kuching","JEAN BELL","JEAN.BELL@sakilacustomer.org","02/14/2006"
"Malaysia","Ipoh","DOLORES WAGNER","DOLORES.WAGNER@sakilacustomer.org","02/14/2006"
"Mexico","Guadalajara","BENJAMIN VARNEY","BENJAMIN.VARNEY@sakilacustomer.org","02/14/2006"
"Mexico","Celaya","SERGIO STANFIELD","SERGIO.STANFIELD@sakilacustomer.org","02/14/2006"
"Mexico","La Paz","SHANE MILLARD","SHANE.MILLARD@sakilacustomer.org","02/14/2006"
"Mexico","Nezahualcóyotl","WENDY HARRISON","WENDY.HARRISON@sakilacustomer.org","02/14/2006"
"Mexico","Acuña","GLEN TALBERT","GLEN.TALBERT@sakilacustomer.org","02/14/2006"
"Mexico","Coacalco de Berriozábal","STELLA MORENO","STELLA.MORENO@sakilacustomer.org","02/14/2006"
"Mexico","Juárez","FRED WHEAT","FRED.WHEAT@sakilacustomer.org","02/14/2006"
"Mexico","Uruapan","ALEX GRESHAM","ALEX.GRESHAM@sakilacustomer.org","02/14/2006"
"Mexico","El Fuerte","JIM REA","JIM.REA@sakilacustomer.org","02/14/2006"
"Mexico","Atlixco","SARA PERRY","SARA.PERRY@sakilacustomer.org","02/14/2006"
"Mexico","Torreón","PAULINE HENRY","PAULINE.HENRY@sakilacustomer.org","02/14/2006"
"Mexico","Cuautla","MATTHEW MAHAN","MATTHEW.MAHAN@sakilacustomer.org","02/14/2006"
"Mexico","Allende","VINCENT RALSTON","VINCENT.RALSTON@sakilacustomer.org","02/14/2006"
"Mexico","Pachuca de Soto","JONATHAN SCARBOROUGH","JONATHAN.SCARBOROUGH@sakilacustomer.org","02/14/2006"
"Mexico","Zapopan","FLOYD GANDY","FLOYD.GANDY@sakilacustomer.org","02/14/2006"
"Mexico","Valle de Santiago","BOBBIE CRAIG","BOBBIE.CRAIG@sakilacustomer.org","02/14/2006"
"Mexico","Cuauhtémoc","ALVIN DELOACH","ALVIN.DELOACH@sakilacustomer.org","02/14/2006"
"Mexico","Salamanca","PRISCILLA LOWE","PRISCILLA.LOWE@sakilacustomer.org","02/14/2006"
"Mexico","San Felipe del Progreso","RONALD WEINER","RONALD.WEINER@sakilacustomer.org","02/14/2006"
"Mexico","Mexicali","DOUGLAS GRAF","DOUGLAS.GRAF@sakilacustomer.org","02/14/2006"
"Mexico","Huixquilucan","TRACY COLE","TRACY.COLE@sakilacustomer.org","02/14/2006"
"Mexico","San Juan Bautista Tuxtepec","FRANCIS SIKES","FRANCIS.SIKES@sakilacustomer.org","02/14/2006"
"Mexico","Matamoros","SAMANTHA DUNCAN","SAMANTHA.DUNCAN@sakilacustomer.org","02/14/2006"
"Mexico","Hidalgo","DANIELLE DANIELS","DANIELLE.DANIELS@sakilacustomer.org","02/14/2006"
"Mexico","Monclova","IVAN CROMWELL","IVAN.CROMWELL@sakilacustomer.org","02/14/2006"
"Mexico","Carmen","WILLARD LUMPKIN","WILLARD.LUMPKIN@sakilacustomer.org","02/14/2006"
"Mexico","Cuernavaca","ISAAC OGLESBY","ISAAC.OGLESBY@sakilacustomer.org","02/14/2006"
"Mexico","José Azueta","VIRGIL WOFFORD","VIRGIL.WOFFORD@sakilacustomer.org","02/14/2006"
"Mexico","Huejutla de Reyes","ANDY VANHORN","ANDY.VANHORN@sakilacustomer.org","02/14/2006"
"Moldova","Chisinau","MARTHA GONZALEZ","MARTHA.GONZALEZ@sakilacustomer.org","02/14/2006"
"Morocco","Salé","LAURA RODRIGUEZ","LAURA.RODRIGUEZ@sakilacustomer.org","02/14/2006"
"Morocco","Beni-Mellal","LANCE PEMBERTON","LANCE.PEMBERTON@sakilacustomer.org","02/14/2006"
"Morocco","Nador","AMANDA CARTER","AMANDA.CARTER@sakilacustomer.org","02/14/2006"
"Mozambique","Tete","ANNIE RUSSELL","ANNIE.RUSSELL@sakilacustomer.org","02/14/2006"
"Mozambique","Naçala-Porto","DON BONE","DON.BONE@sakilacustomer.org","02/14/2006"
"Mozambique","Beira","MARSHA DOUGLAS","MARSHA.DOUGLAS@sakilacustomer.org","02/14/2006"
"Myanmar","Monywa","MABEL HOLLAND","MABEL.HOLLAND@sakilacustomer.org","02/14/2006"
"Myanmar","Myingyan","BARBARA JONES","BARBARA.JONES@sakilacustomer.org","02/14/2006"
"Nauru","Yangor","DUANE TUBBS","DUANE.TUBBS@sakilacustomer.org","02/14/2006"
"Nepal","Birgunj","KEVIN SCHULER","KEVIN.SCHULER@sakilacustomer.org","02/14/2006"
"Netherlands","Emmen","DUSTIN GILLETTE","DUSTIN.GILLETTE@sakilacustomer.org","02/14/2006"
"Netherlands","´s-Hertogenbosch","VIVIAN RUIZ","VIVIAN.RUIZ@sakilacustomer.org","02/14/2006"
"Netherlands","Amersfoort","GLENN PULLEN","GLENN.PULLEN@sakilacustomer.org","02/14/2006"
"Netherlands","Apeldoorn","RHONDA KENNEDY","RHONDA.KENNEDY@sakilacustomer.org","02/14/2006"
"Netherlands","Ede","PETER MENARD","PETER.MENARD@sakilacustomer.org","02/14/2006"
"New Zealand","Hamilton","SUSAN WILSON","SUSAN.WILSON@sakilacustomer.org","02/14/2006"
"Nigeria","Zaria","CONSTANCE REID","CONSTANCE.REID@sakilacustomer.org","02/14/2006"
"Nigeria","Sokoto","WALLACE SLONE","WALLACE.SLONE@sakilacustomer.org","02/14/2006"
"Nigeria","Oyo","JO FOWLER","JO.FOWLER@sakilacustomer.org","02/14/2006"
"Nigeria","Deba Habe","RODNEY MOELLER","RODNEY.MOELLER@sakilacustomer.org","02/14/2006"
"Nigeria","Effon-Alaiye","VELMA LUCAS","VELMA.LUCAS@sakilacustomer.org","02/14/2006"
"Nigeria","Ife","MARILYN ROSS","MARILYN.ROSS@sakilacustomer.org","02/14/2006"
"Nigeria","Owo","TRACEY BARRETT","TRACEY.BARRETT@sakilacustomer.org","02/14/2006"
"Nigeria","Benin City","SONIA GREGORY","SONIA.GREGORY@sakilacustomer.org","02/14/2006"
"Nigeria","Ikerre","ELSIE KELLEY","ELSIE.KELLEY@sakilacustomer.org","02/14/2006"
"Nigeria","Ogbomosho","OLGA JIMENEZ","OLGA.JIMENEZ@sakilacustomer.org","02/14/2006"
"Nigeria","Ilorin","GLADYS HAMILTON","GLADYS.HAMILTON@sakilacustomer.org","02/14/2006"
"Nigeria","Kaduna","CAROL GARCIA","CAROL.GARCIA@sakilacustomer.org","02/14/2006"
"Nigeria","Ondo","BERTHA FERGUSON","BERTHA.FERGUSON@sakilacustomer.org","02/14/2006"
"North Korea","Pyongyang","DARLENE ROSE","DARLENE.ROSE@sakilacustomer.org","02/14/2006"
"Oman","Masqat","MARGARET MOORE","MARGARET.MOORE@sakilacustomer.org","02/14/2006"
"Oman","Salala","GENE SANBORN","GENE.SANBORN@sakilacustomer.org","02/14/2006"
"Pakistan","Mardan","SHARON ROBINSON","SHARON.ROBINSON@sakilacustomer.org","02/14/2006"
"Pakistan","Dadu","JEFFERY PINSON","JEFFERY.PINSON@sakilacustomer.org","02/14/2006"
"Pakistan","Mandi Bahauddin","MELINDA FERNANDEZ","MELINDA.FERNANDEZ@sakilacustomer.org","02/14/2006"
"Pakistan","Okara","DANNY ISOM","DANNY.ISOM@sakilacustomer.org","02/14/2006"
"Pakistan","Shikarpur","DEBORAH WALKER","DEBORAH.WALKER@sakilacustomer.org","02/14/2006"
"Paraguay","Ciudad del Este","EILEEN CARR","EILEEN.CARR@sakilacustomer.org","02/14/2006"
"Paraguay","Asunción","MAUREEN LITTLE","MAUREEN.LITTLE@sakilacustomer.org","02/14/2006"
"Paraguay","San Lorenzo","CARL ARTIS","CARL.ARTIS@sakilacustomer.org","02/14/2006"
"Peru","Lima","THELMA MURRAY","THELMA.MURRAY@sakilacustomer.org","02/14/2006"
"Peru","Callao","DAVID ROYAL","DAVID.ROYAL@sakilacustomer.org","02/14/2006"
"Peru","Huánuco","JAIME NETTLES","JAIME.NETTLES@sakilacustomer.org","02/14/2006"
"Peru","Sullana","FREDDIE DUGGAN","FREDDIE.DUGGAN@sakilacustomer.org","02/14/2006"
"Philippines","Ozamis","EDDIE TOMLIN","EDDIE.TOMLIN@sakilacustomer.org","02/14/2006"
"Philippines","Lapu-Lapu","VIOLA HANSON","VIOLA.HANSON@sakilacustomer.org","02/14/2006"
"Philippines","Tanza","MARCIA DEAN","MARCIA.DEAN@sakilacustomer.org","02/14/2006"
"Philippines","Taguig","THERESA WATSON","THERESA.WATSON@sakilacustomer.org","02/14/2006"
"Philippines","Hagonoy","IRMA PEARSON","IRMA.PEARSON@sakilacustomer.org","02/14/2006"
"Philippines","Baybay","KATHY JAMES","KATHY.JAMES@sakilacustomer.org","02/14/2006"
"Philippines","Imus","JOE GILLILAND","JOE.GILLILAND@sakilacustomer.org","02/14/2006"
"Philippines","Talavera","RAFAEL ABNEY","RAFAEL.ABNEY@sakilacustomer.org","02/14/2006"
"Philippines","Cavite","CRAIG MORRELL","CRAIG.MORRELL@sakilacustomer.org","02/14/2006"
"Philippines","Tarlac","ALLAN CORNISH","ALLAN.CORNISH@sakilacustomer.org","02/14/2006"
"Philippines","Gingoog","DEREK BLAKELY","DEREK.BLAKELY@sakilacustomer.org","02/14/2006"
"Philippines","Cabuyao","BILLY POULIN","BILLY.POULIN@sakilacustomer.org","02/14/2006"
"Philippines","Mandaluyong","HILDA HOPKINS","HILDA.HOPKINS@sakilacustomer.org","02/14/2006"
"Philippines","Bislig","NORMA GONZALES","NORMA.GONZALES@sakilacustomer.org","02/14/2006"
"Philippines","Iligan","ROSS GREY","ROSS.GREY@sakilacustomer.org","02/14/2006"
"Philippines","Bayugan","MELANIE ARMSTRONG","MELANIE.ARMSTRONG@sakilacustomer.org","02/14/2006"
"Philippines","Tanauan","LOUIS LEONE","LOUIS.LEONE@sakilacustomer.org","02/14/2006"
"Philippines","Tuguegarao","DEANNA BYRD","DEANNA.BYRD@sakilacustomer.org","02/14/2006"
"Philippines","Davao","SHIRLEY ALLEN","SHIRLEY.ALLEN@sakilacustomer.org","02/14/2006"
"Philippines","Santa Rosa","ARNOLD HAVENS","ARNOLD.HAVENS@sakilacustomer.org","02/14/2006"
"Poland","Bydgoszcz","BRIAN WYMAN","BRIAN.WYMAN@sakilacustomer.org","02/14/2006"
"Poland","Tychy","RUSSELL BRINSON","RUSSELL.BRINSON@sakilacustomer.org","02/14/2006"
"Poland","Kalisz","LEAH CURTIS","LEAH.CURTIS@sakilacustomer.org","02/14/2006"
"Poland","Lublin","RUBEN GEARY","RUBEN.GEARY@sakilacustomer.org","02/14/2006"
"Poland","Czestochowa","SIDNEY BURLESON","SIDNEY.BURLESON@sakilacustomer.org","02/14/2006"
"Poland","Jastrzebie-Zdrój","MARJORIE TUCKER","MARJORIE.TUCKER@sakilacustomer.org","02/14/2006"
"Poland","Plock","JOHNNIE CHISHOLM","JOHNNIE.CHISHOLM@sakilacustomer.org","02/14/2006"
"Puerto Rico","Ponce","JENNY CASTRO","JENNY.CASTRO@sakilacustomer.org","02/14/2006"
"Puerto Rico","Arecibo","RALPH MADRIGAL","RALPH.MADRIGAL@sakilacustomer.org","02/14/2006"
"Réunion","Saint-Denis","ELEANOR HUNT","ELEANOR.HUNT@sakilacustomer.org","02/14/2006"
"Romania","Botosani","JOY GEORGE","JOY.GEORGE@sakilacustomer.org","02/14/2006"
"Romania","Bucuresti","KEN PREWITT","KEN.PREWITT@sakilacustomer.org","02/14/2006"
"Russian Federation","Usolje-Sibirskoje","WARREN SHERROD","WARREN.SHERROD@sakilacustomer.org","02/14/2006"
"Russian Federation","Balašiha","DORIS REED","DORIS.REED@sakilacustomer.org","02/14/2006"
"Russian Federation","Niznekamsk","ANN EVANS","ANN.EVANS@sakilacustomer.org","02/14/2006"
"Russian Federation","Dzerzinsk","RAY HOULE","RAY.HOULE@sakilacustomer.org","02/14/2006"
"Russian Federation","Korolev","PHILIP CAUSEY","PHILIP.CAUSEY@sakilacustomer.org","02/14/2006"
"Russian Federation","Moscow","CATHERINE CAMPBELL","CATHERINE.CAMPBELL@sakilacustomer.org","02/14/2006"
"Russian Federation","Syktyvkar","HERBERT KRUGER","HERBERT.KRUGER@sakilacustomer.org","02/14/2006"
"Russian Federation","Lipetsk","MARIE TURNER","MARIE.TURNER@sakilacustomer.org","02/14/2006"
"Russian Federation","Atšinsk","JIMMY SCHRADER","JIMMY.SCHRADER@sakilacustomer.org","02/14/2006"
"Russian Federation","Kursk","PAUL TROUT","PAUL.TROUT@sakilacustomer.org","02/14/2006"
"Russian Federation","Serpuhov","ALFREDO MCADAMS","ALFREDO.MCADAMS@sakilacustomer.org","02/14/2006"
"Russian Federation","Ivanovo","CONNIE WALLACE","CONNIE.WALLACE@sakilacustomer.org","02/14/2006"
"Russian Federation","Pjatigorsk","HECTOR POINDEXTER","HECTOR.POINDEXTER@sakilacustomer.org","02/14/2006"
"Russian Federation","Maikop","ARTHUR SIMPKINS","ARTHUR.SIMPKINS@sakilacustomer.org","02/14/2006"
"Russian Federation","Kolpino","DAISY BATES","DAISY.BATES@sakilacustomer.org","02/14/2006"
"Russian Federation","Elista","DONNA THOMPSON","DONNA.THOMPSON@sakilacustomer.org","02/14/2006"
"Russian Federation","Jelets","ROBIN HAYES","ROBIN.HAYES@sakilacustomer.org","02/14/2006"
"Russian Federation","Jaroslavl","DELORES HANSEN","DELORES.HANSEN@sakilacustomer.org","02/14/2006"
"Russian Federation","Zeleznogorsk","JACK FOUST","JACK.FOUST@sakilacustomer.org","02/14/2006"
"Russian Federation","Tšeboksary","JUAN FRALEY","JUAN.FRALEY@sakilacustomer.org","02/14/2006"
"Russian Federation","Smolensk","ELAINE STEVENS","ELAINE.STEVENS@sakilacustomer.org","02/14/2006"
"Russian Federation","Kaliningrad","ROBERT BAUGHMAN","ROBERT.BAUGHMAN@sakilacustomer.org","02/14/2006"
"Russian Federation","Ljubertsy","ERIN DUNN","ERIN.DUNN@sakilacustomer.org","02/14/2006"
"Russian Federation","Kirovo-Tšepetsk","DANA HART","DANA.HART@sakilacustomer.org","02/14/2006"
"Russian Federation","Nabereznyje Tšelny","CLIFFORD BOWENS","CLIFFORD.BOWENS@sakilacustomer.org","02/14/2006"
"Russian Federation","Kurgan","RANDY GAITHER","RANDY.GAITHER@sakilacustomer.org","02/14/2006"
"Russian Federation","Novotšerkassk","JEANETTE GREENE","JEANETTE.GREENE@sakilacustomer.org","02/14/2006"
"Saint Vincent and the Grenadines","Kingstown","JOSE ANDREW","JOSE.ANDREW@sakilacustomer.org","02/14/2006"
"Saudi Arabia","al-Hawiya","CHRISTINA RAMIREZ","CHRISTINA.RAMIREZ@sakilacustomer.org","02/14/2006"
"Saudi Arabia","Tabuk","MARK RINEHART","MARK.RINEHART@sakilacustomer.org","02/14/2006"
"Saudi Arabia","al-Qatif","TRAVIS ESTEP","TRAVIS.ESTEP@sakilacustomer.org","02/14/2006"
"Saudi Arabia","Jedda","JOYCE EDWARDS","JOYCE.EDWARDS@sakilacustomer.org","02/14/2006"
"Saudi Arabia","Abha","PEGGY MYERS","PEGGY.MYERS@sakilacustomer.org","02/14/2006"
"Senegal","Ziguinchor","RONNIE RICKETTS","RONNIE.RICKETTS@sakilacustomer.org","02/14/2006"
"Slovakia","Bratislava","KEITH RICO","KEITH.RICO@sakilacustomer.org","02/14/2006"
"South Africa","Botshabelo","ESTHER CRAWFORD","ESTHER.CRAWFORD@sakilacustomer.org","02/14/2006"
"South Africa","Paarl","DENNIS GILMAN","DENNIS.GILMAN@sakilacustomer.org","02/14/2006"
"South Africa","Springs","LOUISE JENKINS","LOUISE.JENKINS@sakilacustomer.org","02/14/2006"
"South Africa","Kimberley","RUTH MARTINEZ","RUTH.MARTINEZ@sakilacustomer.org","02/14/2006"
"South Africa","Soshanguve","LUCILLE HOLMES","LUCILLE.HOLMES@sakilacustomer.org","02/14/2006"
"South Africa","Chatsworth","DWIGHT LOMBARDI","DWIGHT.LOMBARDI@sakilacustomer.org","02/14/2006"
"South Africa","Rustenburg","DALE RATCLIFF","DALE.RATCLIFF@sakilacustomer.org","02/14/2006"
"South Africa","Klerksdorp","EDNA WEST","EDNA.WEST@sakilacustomer.org","02/14/2006"
"South Africa","Johannesburg","DEAN SAUER","DEAN.SAUER@sakilacustomer.org","02/14/2006"
"South Africa","Newcastle","EDWIN BURK","EDWIN.BURK@sakilacustomer.org","02/14/2006"
"South Africa","Boksburg","ETHEL WEBB","ETHEL.WEBB@sakilacustomer.org","02/14/2006"
"South Korea","Tonghae","FERNANDO CHURCHILL","FERNANDO.CHURCHILL@sakilacustomer.org","02/14/2006"
"South Korea","Cheju","BONNIE HUGHES","BONNIE.HUGHES@sakilacustomer.org","02/14/2006"
"South Korea","Naju","TANYA GILBERT","TANYA.GILBERT@sakilacustomer.org","02/14/2006"
"South Korea","Uijongbu","COURTNEY DAY","COURTNEY.DAY@sakilacustomer.org","02/14/2006"
"South Korea","Kimchon","EMILY DIAZ","EMILY.DIAZ@sakilacustomer.org","02/14/2006"
"Spain","Gijón","CHRIS BROTHERS","CHRIS.BROTHERS@sakilacustomer.org","02/14/2006"
"Spain","Santiago de Compostela","NELSON CHRISTENSON","NELSON.CHRISTENSON@sakilacustomer.org","02/14/2006"
"Spain","Donostia-San Sebastián","MAE FLETCHER","MAE.FLETCHER@sakilacustomer.org","02/14/2006"
"Spain","Ourense (Orense)","WESLEY BULL","WESLEY.BULL@sakilacustomer.org","02/14/2006"
"Spain","A Coruña (La Coruña)","JULIE SANCHEZ","JULIE.SANCHEZ@sakilacustomer.org","02/14/2006"
"Sri Lanka","Jaffna","MANUEL MURRELL","MANUEL.MURRELL@sakilacustomer.org","02/14/2006"
"Sudan","Omdurman","DIANE COLLINS","DIANE.COLLINS@sakilacustomer.org","02/14/2006"
"Sudan","al-Qadarif","JOHNNY TURPIN","JOHNNY.TURPIN@sakilacustomer.org","02/14/2006"
"Sweden","Malmö","JANICE WARD","JANICE.WARD@sakilacustomer.org","02/14/2006"
"Switzerland","Bern","GAIL KNIGHT","GAIL.KNIGHT@sakilacustomer.org","02/14/2006"
"Switzerland","Basel","KATHERINE RIVERA","KATHERINE.RIVERA@sakilacustomer.org","02/14/2006"
"Switzerland","Lausanne","WADE DELVALLE","WADE.DELVALLE@sakilacustomer.org","02/14/2006"
"Taiwan","Changhwa","TAMMY SANDERS","TAMMY.SANDERS@sakilacustomer.org","02/14/2006"
"Taiwan","Chiayi","BEVERLY BROOKS","BEVERLY.BROOKS@sakilacustomer.org","02/14/2006"
"Taiwan","Tanshui","CLIFTON MALCOLM","CLIFTON.MALCOLM@sakilacustomer.org","02/14/2006"
"Taiwan","Nantou","ELIZABETH BROWN","ELIZABETH.BROWN@sakilacustomer.org","02/14/2006"
"Taiwan","Chungho","BRAD MCCURDY","BRAD.MCCURDY@sakilacustomer.org","02/14/2006"
"Taiwan","Fengshan","MORRIS MCCARTER","MORRIS.MCCARTER@sakilacustomer.org","02/14/2006"
"Taiwan","Hsichuh","ROGER QUINTANILLA","ROGER.QUINTANILLA@sakilacustomer.org","02/14/2006"
"Taiwan","Tsaotun","KIRK STCLAIR","KIRK.STCLAIR@sakilacustomer.org","02/14/2006"
"Taiwan","Lungtan","MELISSA KING","MELISSA.KING@sakilacustomer.org","02/14/2006"
"Taiwan","Touliu","AMBER DIXON","AMBER.DIXON@sakilacustomer.org","02/14/2006"
"Tanzania","Zanzibar","CHARLENE ALVAREZ","CHARLENE.ALVAREZ@sakilacustomer.org","02/14/2006"
"Tanzania","Mwanza","HERMAN DEVORE","HERMAN.DEVORE@sakilacustomer.org","02/14/2006"
"Tanzania","Tabora","YOLANDA WEAVER","YOLANDA.WEAVER@sakilacustomer.org","02/14/2006"
"Thailand","Songkhla","JACQUELINE LONG","JACQUELINE.LONG@sakilacustomer.org","02/14/2006"
"Thailand","Nakhon Sawan","SHAWN HEATON","SHAWN.HEATON@sakilacustomer.org","02/14/2006"
"Thailand","Pak Kret","CAROLYN PEREZ","CAROLYN.PEREZ@sakilacustomer.org","02/14/2006"
"Tonga","Nuku´alofa","HENRY BILLINGSLEY","HENRY.BILLINGSLEY@sakilacustomer.org","02/14/2006"
"Tunisia","Sousse","GREGORY MAULDIN","GREGORY.MAULDIN@sakilacustomer.org","02/14/2006"
"Turkey","Sivas","GABRIEL HARDER","GABRIEL.HARDER@sakilacustomer.org","02/14/2006"
"Turkey","Tarsus","JOANN GARDNER","JOANN.GARDNER@sakilacustomer.org","02/14/2006"
"Turkey","Eskisehir","EDGAR RHOADS","EDGAR.RHOADS@sakilacustomer.org","02/14/2006"
"Turkey","Batman","BERNICE WILLIS","BERNICE.WILLIS@sakilacustomer.org","02/14/2006"
"Turkey","Balikesir","BRANDON HUEY","BRANDON.HUEY@sakilacustomer.org","02/14/2006"
"Turkey","Tokat","CASEY MENA","CASEY.MENA@sakilacustomer.org","02/14/2006"
"Turkey","Usak","ROSEMARY SCHMIDT","ROSEMARY.SCHMIDT@sakilacustomer.org","02/14/2006"
"Turkey","Inegöl","BILLIE HORTON","BILLIE.HORTON@sakilacustomer.org","02/14/2006"
"Turkey","Osmaniye","KAREN JACKSON","KAREN.JACKSON@sakilacustomer.org","02/14/2006"
"Turkey","Adana","LARRY THRASHER","LARRY.THRASHER@sakilacustomer.org","02/14/2006"
"Turkey","Sultanbeyli","BRENT HARKINS","BRENT.HARKINS@sakilacustomer.org","02/14/2006"
"Turkey","Kilis","LESLIE GORDON","LESLIE.GORDON@sakilacustomer.org","02/14/2006"
"Turkey","Gaziantep","COREY HAUSER","COREY.HAUSER@sakilacustomer.org","02/14/2006"
"Turkey","Denizli","VERNON CHAPA","VERNON.CHAPA@sakilacustomer.org","02/14/2006"
"Turkmenistan","Ashgabat","JEANNE LAWSON","JEANNE.LAWSON@sakilacustomer.org","02/14/2006"
"Tuvalu","Funafuti","DAWN SULLIVAN","DAWN.SULLIVAN@sakilacustomer.org","02/14/2006"
"Ukraine","Kamjanets-Podilskyi","TODD TAN","TODD.TAN@sakilacustomer.org","02/14/2006"
"Ukraine","Konotop","JULIO NOLAND","JULIO.NOLAND@sakilacustomer.org","02/14/2006"
"Ukraine","Sumy","BRITTANY RILEY","BRITTANY.RILEY@sakilacustomer.org","02/14/2006"
"Ukraine","Simferopol","KATHRYN COLEMAN","KATHRYN.COLEMAN@sakilacustomer.org","02/14/2006"
"Ukraine","Šostka","PEDRO CHESTNUT","PEDRO.CHESTNUT@sakilacustomer.org","02/14/2006"
"Ukraine","Mukatševe","MONICA HICKS","MONICA.HICKS@sakilacustomer.org","02/14/2006"
"United Arab Emirates","Sharja","MISTY LAMBERT","MISTY.LAMBERT@sakilacustomer.org","02/14/2006"
"United Arab Emirates","al-Ayn","LILLIAN GRIFFIN","LILLIAN.GRIFFIN@sakilacustomer.org","02/14/2006"
"United Arab Emirates","Abu Dhabi","TOM MILNER","TOM.MILNER@sakilacustomer.org","02/14/2006"
"United Kingdom","London","MATTIE HOFFMAN","MATTIE.HOFFMAN@sakilacustomer.org","02/14/2006"
"United Kingdom","Bradford","ANNE POWELL","ANNE.POWELL@sakilacustomer.org","02/14/2006"
"United Kingdom","London","CECIL VINES","CECIL.VINES@sakilacustomer.org","02/14/2006"
"United Kingdom","Stockport","DAN PAINE","DAN.PAINE@sakilacustomer.org","02/14/2006"
"United Kingdom","York","GILBERT SLEDGE","GILBERT.SLEDGE@sakilacustomer.org","02/14/2006"
"United Kingdom","Dundee","APRIL BURNS","APRIL.BURNS@sakilacustomer.org","02/14/2006"
"United Kingdom","Southport","ARMANDO GRUBER","ARMANDO.GRUBER@sakilacustomer.org","02/14/2006"
"United Kingdom","Southampton","MARSHALL THORN","MARSHALL.THORN@sakilacustomer.org","02/14/2006"
"United States","Warren","BRANDY GRAVES","BRANDY.GRAVES@sakilacustomer.org","02/14/2006"
"United States","Joliet","NATHANIEL ADAM","NATHANIEL.ADAM@sakilacustomer.org","02/14/2006"
"United States","Lincoln","ASHLEY RICHARDSON","ASHLEY.RICHARDSON@sakilacustomer.org","02/14/2006"
"United States","Saint Louis","JOAN COOPER","JOAN.COOPER@sakilacustomer.org","02/14/2006"
"United States","Compton","RENEE LANE","RENEE.LANE@sakilacustomer.org","02/14/2006"
"United States","Manchester","VICTOR BARKLEY","VICTOR.BARKLEY@sakilacustomer.org","02/14/2006"
"United States","Garland","IAN STILL","IAN.STILL@sakilacustomer.org","02/14/2006"
"United States","Dayton","SHELLY WATTS","SHELLY.WATTS@sakilacustomer.org","02/14/2006"
"United States","Arlington","RICHARD MCCRARY","RICHARD.MCCRARY@sakilacustomer.org","02/14/2006"
"United States","Memphis","ANA BRADLEY","ANA.BRADLEY@sakilacustomer.org","02/14/2006"
"United States","Citrus Heights","BETTY WHITE","BETTY.WHITE@sakilacustomer.org","02/14/2006"
"United States","Laredo","JENNIFER DAVIS","JENNIFER.DAVIS@sakilacustomer.org","02/14/2006"
"United States","Roanoke","TONI HOLT","TONI.HOLT@sakilacustomer.org","02/14/2006"
"United States","Salinas","CASSANDRA WALTERS","CASSANDRA.WALTERS@sakilacustomer.org","02/14/2006"
"United States","Cape Coral","KARL SEAL","KARL.SEAL@sakilacustomer.org","02/14/2006"
"United States","Sunnyvale","KRISTIN JOHNSTON","KRISTIN.JOHNSTON@sakilacustomer.org","02/14/2006"
"United States","Bellevue","WILMA RICHARDS","WILMA.RICHARDS@sakilacustomer.org","02/14/2006"
"United States","Fontana","ALICE STEWART","ALICE.STEWART@sakilacustomer.org","02/14/2006"
"United States","San Bernardino","PATRICIA JOHNSON","PATRICIA.JOHNSON@sakilacustomer.org","02/14/2006"
"United States","El Monte","JACOB LANCE","JACOB.LANCE@sakilacustomer.org","02/14/2006"
"United States","Aurora","CLINTON BUFORD","CLINTON.BUFORD@sakilacustomer.org","02/14/2006"
"United States","Brockton","VALERIE BLACK","VALERIE.BLACK@sakilacustomer.org","02/14/2006"
"United States","Kansas City","THOMAS GRIGSBY","THOMAS.GRIGSBY@sakilacustomer.org","02/14/2006"
"United States","Dallas","BRYAN HARDISON","BRYAN.HARDISON@sakilacustomer.org","02/14/2006"
"United States","Sterling Heights","JAMIE RICE","JAMIE.RICE@sakilacustomer.org","02/14/2006"
"United States","Greensboro","VERONICA STONE","VERONICA.STONE@sakilacustomer.org","02/14/2006"
"United States","Peoria","CAROLE BARNETT","CAROLE.BARNETT@sakilacustomer.org","02/14/2006"
"United States","Aurora","SCOTT SHELLEY","SCOTT.SHELLEY@sakilacustomer.org","02/14/2006"
"United States","Grand Prairie","KIM CRUZ","KIM.CRUZ@sakilacustomer.org","02/14/2006"
"United States","Akron","ZACHARY HITE","ZACHARY.HITE@sakilacustomer.org","02/14/2006"
"United States","Garden Grove","RENE MCALISTER","RENE.MCALISTER@sakilacustomer.org","02/14/2006"
"United States","Clarksville","EVA RAMOS","EVA.RAMOS@sakilacustomer.org","02/14/2006"
"United States","Tallahassee","CAROLINE BOWMAN","CAROLINE.BOWMAN@sakilacustomer.org","02/14/2006"
"United States","Lancaster","ROSA REYNOLDS","ROSA.REYNOLDS@sakilacustomer.org","02/14/2006"
"United States","Rockford","BILL GAVIN","BILL.GAVIN@sakilacustomer.org","02/14/2006"
"United States","Augusta-Richmond County","DIANA ALEXANDER","DIANA.ALEXANDER@sakilacustomer.org","02/14/2006"
"Venezuela","Valencia","MATHEW BOLIN","MATHEW.BOLIN@sakilacustomer.org","02/14/2006"
"Venezuela","Cumaná","CINDY FISHER","CINDY.FISHER@sakilacustomer.org","02/14/2006"
"Venezuela","Maracaíbo","CALVIN MARTEL","CALVIN.MARTEL@sakilacustomer.org","02/14/2006"
"Venezuela","Barcelona","ALBERTO HENNING","ALBERTO.HENNING@sakilacustomer.org","02/14/2006"
"Venezuela","Valle de la Pascua","KRISTINA CHAMBERS","KRISTINA.CHAMBERS@sakilacustomer.org","02/14/2006"
"Venezuela","Ocumare del Tuy","YVONNE WATKINS","YVONNE.WATKINS@sakilacustomer.org","02/14/2006"
"Venezuela","Caracas","CARMEN OWENS","CARMEN.OWENS@sakilacustomer.org","02/14/2006"
"Vietnam","Cam Ranh","NEIL RENNER","NEIL.RENNER@sakilacustomer.org","02/14/2006"
"Vietnam","Vinh","HARVEY GUAJARDO","HARVEY.GUAJARDO@sakilacustomer.org","02/14/2006"
"Vietnam","Nam Dinh","GREG ROBINS","GREG.ROBINS@sakilacustomer.org","02/14/2006"
"Vietnam","Haiphong","BETH FRANKLIN","BETH.FRANKLIN@sakilacustomer.org","02/14/2006"
"Vietnam","Hanoi","PATRICK NEWSOM","PATRICK.NEWSOM@sakilacustomer.org","02/14/2006"
"Vietnam","Nha Trang","MITCHELL WESTMORELAND","MITCHELL.WESTMORELAND@sakilacustomer.org","02/14/2006"
"Yemen","Sanaa","WILLIAM SATTERFIELD","WILLIAM.SATTERFIELD@sakilacustomer.org","02/14/2006"
"Yemen","Hodeida","GORDON ALLARD","GORDON.ALLARD@sakilacustomer.org","02/14/2006"
"Yemen","Taizz","GINA WILLIAMSON","GINA.WILLIAMSON@sakilacustomer.org","02/14/2006"
"Yemen","Aden","ELLA OLIVER","ELLA.OLIVER@sakilacustomer.org","02/14/2006"
"Yugoslavia","Kragujevac","MARIA MILLER","MARIA.MILLER@sakilacustomer.org","02/14/2006"
"Yugoslavia","Novi Sad","MAX PITT","MAX.PITT@sakilacustomer.org","02/14/2006"
"Zambia","Kitwe","BARRY LOVELACE","BARRY.LOVELACE@sakilacustomer.org","02/14/2006"
